<?xml version="1.0" encoding="UTF-8"?>
<beans xmlns="http://www.springframework.org/schema/beans"
       xmlns:context="http://www.springframework.org/schema/context"
       xmlns:tx="http://www.springframework.org/schema/tx"
       xmlns:xsi="http://www.w3.org/2001/XMLSchema-instance"
       xsi:schemaLocation="
         http://www.springframework.org/schema/beans
         http://www.springframework.org/schema/beans/spring-beans.xsd
         http://www.springframework.org/schema/context
         http://www.springframework.org/schema/context/spring-context.xsd
         http://www.springframework.org/schema/tx
         http://www.springframework.org/schema/tx/spring-tx.xsd">

  <!-- Scan services, repos, controllers (controllers also visible to dispatcher) -->
  <context:component-scan base-package="com.worknest"/>

  <!-- DataSource -->
  <bean id="dataSource" class="org.springframework.jdbc.datasource.DriverManagerDataSource">
    <property name="driverClassName" value="com.mysql.cj.jdbc.Driver"/>
    <property name="url" value="jdbc:mysql://localhost:3306/worknest?useSSL=false&amp;serverTimezone=UTC"/>
    <property name="username" value="root"/>
    <property name="password" value="root"/>
  </bean>

  <!-- Hibernate SessionFactory -->
  <bean id="sessionFactory" class="org.springframework.orm.hibernate5.LocalSessionFactoryBean">
    <property name="dataSource" ref="dataSource"/>
    <property name="packagesToScan" value="com.worknest.app.model"/>
    <property name="hibernateProperties">
      <props>
        <prop key="hibernate.dialect">org.hibernate.dialect.MySQL8Dialect</prop>
        <prop key="hibernate.hbm2ddl.auto">update</prop>
        <prop key="hibernate.show_sql">true</prop>
        <prop key="hibernate.format_sql">true</prop>
      </props>
    </property>
  </bean>

  <!-- Transaction manager -->
  <bean id="transactionManager" class="org.springframework.orm.hibernate5.HibernateTransactionManager">
    <property name="sessionFactory" ref="sessionFactory"/>
  </bean>

  <tx:annotation-driven transaction-manager="transactionManager"/>

</beans>