<?xml version="1.0" encoding="UTF-8"?>
<beans xmlns="http://www.springframework.org/schema/beans"
       xmlns:xsi="http://www.w3.org/2001/XMLSchema-instance"
       xmlns:context="http://www.springframework.org/schema/context"
       xmlns:mvc="http://www.springframework.org/schema/mvc"
       xmlns:tx="http://www.springframework.org/schema/tx"
       xsi:schemaLocation="
        http://www.springframework.org/schema/beans http://www.springframework.org/schema/beans/spring-beans.xsd
        http://www.springframework.org/schema/context http://www.springframework.org/schema/context/spring-context.xsd
        http://www.springframework.org/schema/mvc http://www.springframework.org/schema/mvc/spring-mvc.xsd
        http://www.springframework.org/schema/tx http://www.springframework.org/schema/tx/spring-tx.xsd">

  <!-- Scan your controllers, services, repos -->
  <context:component-scan base-package="com.worknest" />

  <!-- Enable @Controller, @RequestMapping, etc -->
  <mvc:annotation-driven />

  <!-- ✅ Static resources mapping (must be OUTSIDE of beans) -->
  <mvc:resources mapping="/assets/**" location="/assets/" />

  <!-- View Resolver -->
  <bean class="org.springframework.web.servlet.view.InternalResourceViewResolver">
    <property name="prefix" value="/WEB-INF/views/"/>
    <property name="suffix" value=".jsp"/>
  </bean>

  <!-- DataSource -->
  <bean id="dataSource" class="org.springframework.jdbc.datasource.DriverManagerDataSource">
    <property name="driverClassName" value="com.mysql.cj.jdbc.Driver"/>
    <property name="url" value="jdbc:mysql://localhost:3306/wiprotraining"/>
    <property name="username" value="root"/>
    <property name="password" value="root"/>
  </bean>

  <!-- Hibernate SessionFactory -->
  <bean id="sessionFactory" class="org.springframework.orm.hibernate5.LocalSessionFactoryBean">
    <property name="dataSource" ref="dataSource"/>
    <property name="packagesToScan" value="com.worknest.model"/>
    <property name="hibernateProperties">
      <props>
        <prop key="hibernate.dialect">org.hibernate.dialect.MySQL8Dialect</prop>
        <prop key="hibernate.hbm2ddl.auto">update</prop>
        <prop key="hibernate.show_sql">true</prop>
      </props>
    </property>
  </bean>

  <!-- Transaction Manager -->
  <bean id="transactionManager" class="org.springframework.orm.hibernate5.HibernateTransactionManager">
    <property name="sessionFactory" ref="sessionFactory"/>
  </bean>

  <tx:annotation-driven transaction-manager="transactionManager"/>
</beans>
